Encoding,Run,Status,Time_ms,Compressed_KB,Decompressed_KB,Compression_Ratio,Content-Encoding,Reported-Level,Reported-Codec,network
Brotli,0,200,3943.3438777923584,3.9091796875,38.62890625,9.881588808393705,br,4,br,3g
Brotli,1,200,2012.26806640625,3.9091796875,38.62890625,9.881588808393705,br,4,br,3g
Brotli,2,200,1080.1868438720703,3.9091796875,38.62890625,9.881588808393705,br,4,br,3g
Brotli,3,200,1504.9529075622559,3.9091796875,38.62890625,9.881588808393705,br,4,br,3g
Brotli,4,200,974.6310710906982,3.9091796875,38.62890625,9.881588808393705,br,4,br,3g
Brotli,5,200,1068.3891773223877,3.9091796875,38.62890625,9.881588808393705,br,4,br,3g
Brotli,6,200,1014.3959522247314,3.9091796875,38.62890625,9.881588808393705,br,4,br,3g
Brotli,7,200,1015.9118175506592,3.9091796875,38.62890625,9.881588808393705,br,4,br,3g
Brotli,8,200,931.8339824676514,3.9091796875,38.62890625,9.881588808393705,br,4,br,3g
Brotli,9,200,908.8180065155029,3.9091796875,38.62890625,9.881588808393705,br,4,br,3g
Brotli,10,200,930.6602478027344,3.9091796875,38.62890625,9.881588808393705,br,4,br,3g
Brotli,11,200,881.8111419677734,3.9091796875,38.62890625,9.881588808393705,br,4,br,3g
Brotli,12,200,913.0849838256836,3.9091796875,38.62890625,9.881588808393705,br,4,br,3g
Brotli,13,200,901.0601043701172,3.9091796875,38.62890625,9.881588808393705,br,4,br,3g
Brotli,14,200,889.7171020507812,3.9091796875,38.62890625,9.881588808393705,br,4,br,3g
Brotli,15,200,913.3939743041992,3.9091796875,38.62890625,9.881588808393705,br,4,br,3g
Brotli,16,200,1020.1261043548584,3.9091796875,38.62890625,9.881588808393705,br,4,br,3g
Brotli,17,200,1008.782148361206,3.9091796875,38.62890625,9.881588808393705,br,4,br,3g
Brotli,18,200,856.346845626831,3.9091796875,38.62890625,9.881588808393705,br,4,br,3g
Brotli,19,200,844.0101146697998,3.9091796875,38.62890625,9.881588808393705,br,4,br,3g
Gzip,0,200,900.1667499542236,4.8134765625,38.62890625,8.025157232704403,gzip,4,gzip,3g
Gzip,1,200,912.3740196228027,4.8134765625,38.62890625,8.025157232704403,gzip,4,gzip,3g
Gzip,2,200,891.2622928619385,4.8134765625,38.62890625,8.025157232704403,gzip,4,gzip,3g
Gzip,3,200,907.4468612670898,4.8134765625,38.62890625,8.025157232704403,gzip,4,gzip,3g
Gzip,4,200,903.3000469207764,4.8134765625,38.62890625,8.025157232704403,gzip,4,gzip,3g
Gzip,5,200,875.899076461792,4.8134765625,38.62890625,8.025157232704403,gzip,4,gzip,3g
Gzip,6,200,890.6738758087158,4.8134765625,38.62890625,8.025157232704403,gzip,4,gzip,3g
Gzip,7,200,820.2497959136963,4.8134765625,38.62890625,8.025157232704403,gzip,4,gzip,3g
Gzip,8,200,924.799919128418,4.8134765625,38.62890625,8.025157232704403,gzip,4,gzip,3g
Gzip,9,200,840.252161026001,4.8134765625,38.62890625,8.025157232704403,gzip,4,gzip,3g
Gzip,10,200,901.4270305633545,4.8134765625,38.62890625,8.025157232704403,gzip,4,gzip,3g
Gzip,11,200,949.3668079376221,4.8134765625,38.62890625,8.025157232704403,gzip,4,gzip,3g
Gzip,12,200,875.3390312194824,4.8134765625,38.62890625,8.025157232704403,gzip,4,gzip,3g
Gzip,13,200,892.2920227050781,4.8134765625,38.62890625,8.025157232704403,gzip,4,gzip,3g
Gzip,14,200,892.6851749420166,4.8134765625,38.62890625,8.025157232704403,gzip,4,gzip,3g
Gzip,15,200,929.7239780426025,4.8134765625,38.62890625,8.025157232704403,gzip,4,gzip,3g
Gzip,16,200,886.3842487335205,4.8134765625,38.62890625,8.025157232704403,gzip,4,gzip,3g
Gzip,17,200,844.2957401275635,4.8134765625,38.62890625,8.025157232704403,gzip,4,gzip,3g
Gzip,18,200,862.6840114593506,4.8134765625,38.62890625,8.025157232704403,gzip,4,gzip,3g
Gzip,19,200,863.3847236633301,4.8134765625,38.62890625,8.025157232704403,gzip,4,gzip,3g
None (Plain),0,200,1002.3391246795654,38.62890625,38.62890625,1.0,none,4,none,3g
None (Plain),1,200,1033.2348346710205,38.62890625,38.62890625,1.0,none,4,none,3g
None (Plain),2,200,1024.167776107788,38.62890625,38.62890625,1.0,none,4,none,3g
None (Plain),3,200,1001.0488033294678,38.62890625,38.62890625,1.0,none,4,none,3g
None (Plain),4,200,1024.406909942627,38.62890625,38.62890625,1.0,none,4,none,3g
None (Plain),5,200,994.0268993377686,38.62890625,38.62890625,1.0,none,4,none,3g
None (Plain),6,200,967.7600860595703,38.62890625,38.62890625,1.0,none,4,none,3g
None (Plain),7,200,1006.6840648651123,38.62890625,38.62890625,1.0,none,4,none,3g
None (Plain),8,200,1072.5769996643066,38.62890625,38.62890625,1.0,none,4,none,3g
None (Plain),9,200,1014.7049427032471,38.62890625,38.62890625,1.0,none,4,none,3g
None (Plain),10,200,989.9458885192871,38.62890625,38.62890625,1.0,none,4,none,3g
None (Plain),11,200,949.0749835968018,38.62890625,38.62890625,1.0,none,4,none,3g
None (Plain),12,200,980.4151058197021,38.62890625,38.62890625,1.0,none,4,none,3g
None (Plain),13,200,969.2966938018799,38.62890625,38.62890625,1.0,none,4,none,3g
None (Plain),14,200,1048.0690002441406,38.62890625,38.62890625,1.0,none,4,none,3g
None (Plain),15,200,987.213134765625,38.62890625,38.62890625,1.0,none,4,none,3g
None (Plain),16,200,949.4562149047852,38.62890625,38.62890625,1.0,none,4,none,3g
None (Plain),17,200,1012.8600597381592,38.62890625,38.62890625,1.0,none,4,none,3g
None (Plain),18,200,964.5371437072754,38.62890625,38.62890625,1.0,none,4,none,3g
None (Plain),19,200,1042.5841808319092,38.62890625,38.62890625,1.0,none,4,none,3g
Brotli,0,200,1806.725263595581,3.6748046875,38.62890625,10.511825671007175,br,7,br,3g
Brotli,1,200,1079.010009765625,3.6748046875,38.62890625,10.511825671007175,br,7,br,3g
Brotli,2,200,1149.7728824615479,3.6748046875,38.62890625,10.511825671007175,br,7,br,3g
Brotli,3,200,940.8481121063232,3.6748046875,38.62890625,10.511825671007175,br,7,br,3g
Brotli,4,200,1079.1311264038086,3.6748046875,38.62890625,10.511825671007175,br,7,br,3g
Brotli,5,200,1014.8561000823975,3.6748046875,38.62890625,10.511825671007175,br,7,br,3g
Brotli,6,200,902.0318984985352,3.6748046875,38.62890625,10.511825671007175,br,7,br,3g
Brotli,7,200,910.8507633209229,3.6748046875,38.62890625,10.511825671007175,br,7,br,3g
Brotli,8,200,1011.1701488494873,3.6748046875,38.62890625,10.511825671007175,br,7,br,3g
Brotli,9,200,893.8040733337402,3.6748046875,38.62890625,10.511825671007175,br,7,br,3g
Brotli,10,200,939.2659664154053,3.6748046875,38.62890625,10.511825671007175,br,7,br,3g
Brotli,11,200,928.6980628967285,3.6748046875,38.62890625,10.511825671007175,br,7,br,3g
Brotli,12,200,918.3650016784668,3.6748046875,38.62890625,10.511825671007175,br,7,br,3g
Brotli,13,200,902.8501510620117,3.6748046875,38.62890625,10.511825671007175,br,7,br,3g
Brotli,14,200,895.9040641784668,3.6748046875,38.62890625,10.511825671007175,br,7,br,3g
Brotli,15,200,887.3999118804932,3.6748046875,38.62890625,10.511825671007175,br,7,br,3g
Brotli,16,200,887.9501819610596,3.6748046875,38.62890625,10.511825671007175,br,7,br,3g
Brotli,17,200,930.8042526245117,3.6748046875,38.62890625,10.511825671007175,br,7,br,3g
Brotli,18,200,915.7569408416748,3.6748046875,38.62890625,10.511825671007175,br,7,br,3g
Brotli,19,200,916.5759086608887,3.6748046875,38.62890625,10.511825671007175,br,7,br,3g
Gzip,0,200,905.4880142211914,4.814453125,38.62890625,8.023529411764706,gzip,7,gzip,3g
Gzip,1,200,885.0951194763184,4.814453125,38.62890625,8.023529411764706,gzip,7,gzip,3g
Gzip,2,200,894.1750526428223,4.814453125,38.62890625,8.023529411764706,gzip,7,gzip,3g
Gzip,3,200,877.2718906402588,4.814453125,38.62890625,8.023529411764706,gzip,7,gzip,3g
Gzip,4,200,854.1269302368164,4.814453125,38.62890625,8.023529411764706,gzip,7,gzip,3g
Gzip,5,200,986.6468906402588,4.814453125,38.62890625,8.023529411764706,gzip,7,gzip,3g
Gzip,6,200,824.2590427398682,4.814453125,38.62890625,8.023529411764706,gzip,7,gzip,3g
Gzip,7,200,844.8119163513184,4.814453125,38.62890625,8.023529411764706,gzip,7,gzip,3g
Gzip,8,200,942.1360492706299,4.814453125,38.62890625,8.023529411764706,gzip,7,gzip,3g
Gzip,9,200,868.3478832244873,4.814453125,38.62890625,8.023529411764706,gzip,7,gzip,3g
Gzip,10,200,903.3019542694092,4.814453125,38.62890625,8.023529411764706,gzip,7,gzip,3g
Gzip,11,200,955.0096988677979,4.814453125,38.62890625,8.023529411764706,gzip,7,gzip,3g
Gzip,12,200,938.4751319885254,4.814453125,38.62890625,8.023529411764706,gzip,7,gzip,3g
Gzip,13,200,863.1680011749268,4.814453125,38.62890625,8.023529411764706,gzip,7,gzip,3g
Gzip,14,200,906.3377380371094,4.814453125,38.62890625,8.023529411764706,gzip,7,gzip,3g
Gzip,15,200,907.9098701477051,4.814453125,38.62890625,8.023529411764706,gzip,7,gzip,3g
Gzip,16,200,838.7491703033447,4.814453125,38.62890625,8.023529411764706,gzip,7,gzip,3g
Gzip,17,200,832.6518535614014,4.814453125,38.62890625,8.023529411764706,gzip,7,gzip,3g
Gzip,18,200,835.486888885498,4.814453125,38.62890625,8.023529411764706,gzip,7,gzip,3g
Gzip,19,200,873.6701011657715,4.814453125,38.62890625,8.023529411764706,gzip,7,gzip,3g
None (Plain),0,200,1025.245189666748,38.62890625,38.62890625,1.0,none,7,none,3g
None (Plain),1,200,1036.2679958343506,38.62890625,38.62890625,1.0,none,7,none,3g
None (Plain),2,200,985.0749969482422,38.62890625,38.62890625,1.0,none,7,none,3g
None (Plain),3,200,1022.1738815307617,38.62890625,38.62890625,1.0,none,7,none,3g
None (Plain),4,200,1020.2608108520508,38.62890625,38.62890625,1.0,none,7,none,3g
None (Plain),5,200,969.4621562957764,38.62890625,38.62890625,1.0,none,7,none,3g
None (Plain),6,200,1001.2271404266357,38.62890625,38.62890625,1.0,none,7,none,3g
None (Plain),7,200,1048.1228828430176,38.62890625,38.62890625,1.0,none,7,none,3g
None (Plain),8,200,984.4009876251221,38.62890625,38.62890625,1.0,none,7,none,3g
None (Plain),9,200,982.07688331604,38.62890625,38.62890625,1.0,none,7,none,3g
None (Plain),10,200,1010.6122493743896,38.62890625,38.62890625,1.0,none,7,none,3g
None (Plain),11,200,1088.5169506072998,38.62890625,38.62890625,1.0,none,7,none,3g
None (Plain),12,200,1088.90700340271,38.62890625,38.62890625,1.0,none,7,none,3g
None (Plain),13,200,996.6599941253662,38.62890625,38.62890625,1.0,none,7,none,3g
None (Plain),14,200,937.1700286865234,38.62890625,38.62890625,1.0,none,7,none,3g
None (Plain),15,200,979.4390201568604,38.62890625,38.62890625,1.0,none,7,none,3g
None (Plain),16,200,980.5479049682617,38.62890625,38.62890625,1.0,none,7,none,3g
None (Plain),17,200,966.2718772888184,38.62890625,38.62890625,1.0,none,7,none,3g
None (Plain),18,200,975.1508235931396,38.62890625,38.62890625,1.0,none,7,none,3g
None (Plain),19,200,1093.2419300079346,38.62890625,38.62890625,1.0,none,7,none,3g
Brotli,0,200,992.1188354492188,3.673828125,38.62890625,10.514619883040936,br,7,br,3g
Brotli,1,200,702.488899230957,3.673828125,38.62890625,10.514619883040936,br,7,br,3g
Brotli,2,200,673.1898784637451,3.673828125,38.62890625,10.514619883040936,br,7,br,3g
Brotli,3,200,628.6730766296387,3.673828125,38.62890625,10.514619883040936,br,7,br,3g
Brotli,4,200,678.5581111907959,3.673828125,38.62890625,10.514619883040936,br,7,br,3g
Brotli,5,200,597.7039337158203,3.673828125,38.62890625,10.514619883040936,br,7,br,3g
Brotli,6,200,667.9611206054688,3.673828125,38.62890625,10.514619883040936,br,7,br,3g
Brotli,7,200,612.652063369751,3.673828125,38.62890625,10.514619883040936,br,7,br,3g
Brotli,8,200,661.3986492156982,3.673828125,38.62890625,10.514619883040936,br,7,br,3g
Brotli,9,200,570.004940032959,3.673828125,38.62890625,10.514619883040936,br,7,br,3g
Brotli,10,200,569.6349143981934,3.673828125,38.62890625,10.514619883040936,br,7,br,3g
Brotli,11,200,580.9416770935059,3.673828125,38.62890625,10.514619883040936,br,7,br,3g
Brotli,12,200,577.8660774230957,3.673828125,38.62890625,10.514619883040936,br,7,br,3g
Brotli,13,200,629.7531127929688,3.673828125,38.62890625,10.514619883040936,br,7,br,3g
Brotli,14,200,601.5291213989258,3.673828125,38.62890625,10.514619883040936,br,7,br,3g
Brotli,15,200,602.5018692016602,3.673828125,38.62890625,10.514619883040936,br,7,br,3g
Brotli,16,200,616.5549755096436,3.673828125,38.62890625,10.514619883040936,br,7,br,3g
Brotli,17,200,610.8779907226562,3.673828125,38.62890625,10.514619883040936,br,7,br,3g
Brotli,18,200,564.7082328796387,3.673828125,38.62890625,10.514619883040936,br,7,br,3g
Brotli,19,200,619.7879314422607,3.673828125,38.62890625,10.514619883040936,br,7,br,3g
Gzip,0,200,589.1880989074707,4.8154296875,38.62890625,8.021902251064693,gzip,7,gzip,3g
Gzip,1,200,563.7381076812744,4.8154296875,38.62890625,8.021902251064693,gzip,7,gzip,3g
Gzip,2,200,576.1508941650391,4.8154296875,38.62890625,8.021902251064693,gzip,7,gzip,3g
Gzip,3,200,564.1489028930664,4.8154296875,38.62890625,8.021902251064693,gzip,7,gzip,3g
Gzip,4,200,556.1017990112305,4.8154296875,38.62890625,8.021902251064693,gzip,7,gzip,3g
Gzip,5,200,540.673017501831,4.8154296875,38.62890625,8.021902251064693,gzip,7,gzip,3g
Gzip,6,200,582.1051597595215,4.8154296875,38.62890625,8.021902251064693,gzip,7,gzip,3g
Gzip,7,200,596.9102382659912,4.8154296875,38.62890625,8.021902251064693,gzip,7,gzip,3g
Gzip,8,200,558.93874168396,4.8154296875,38.62890625,8.021902251064693,gzip,7,gzip,3g
Gzip,9,200,587.3751640319824,4.8154296875,38.62890625,8.021902251064693,gzip,7,gzip,3g
Gzip,10,200,591.533899307251,4.8154296875,38.62890625,8.021902251064693,gzip,7,gzip,3g
Gzip,11,200,813.6050701141357,4.8154296875,38.62890625,8.021902251064693,gzip,7,gzip,3g
Gzip,12,200,660.4130268096924,4.8154296875,38.62890625,8.021902251064693,gzip,7,gzip,3g
Gzip,13,200,621.0811138153076,4.8154296875,38.62890625,8.021902251064693,gzip,7,gzip,3g
Gzip,14,200,592.5238132476807,4.8154296875,38.62890625,8.021902251064693,gzip,7,gzip,3g
Gzip,15,200,574.6541023254395,4.8154296875,38.62890625,8.021902251064693,gzip,7,gzip,3g
Gzip,16,200,567.4459934234619,4.8154296875,38.62890625,8.021902251064693,gzip,7,gzip,3g
Gzip,17,200,579.4761180877686,4.8154296875,38.62890625,8.021902251064693,gzip,7,gzip,3g
Gzip,18,200,549.9739646911621,4.8154296875,38.62890625,8.021902251064693,gzip,7,gzip,3g
Gzip,19,200,564.4030570983887,4.8154296875,38.62890625,8.021902251064693,gzip,7,gzip,3g
None (Plain),0,200,635.1699829101562,38.62890625,38.62890625,1.0,none,7,none,3g
None (Plain),1,200,602.2930145263672,38.62890625,38.62890625,1.0,none,7,none,3g
None (Plain),2,200,619.4729804992676,38.62890625,38.62890625,1.0,none,7,none,3g
None (Plain),3,200,650.5570411682129,38.62890625,38.62890625,1.0,none,7,none,3g
None (Plain),4,200,619.0040111541748,38.62890625,38.62890625,1.0,none,7,none,3g
None (Plain),5,200,607.7163219451904,38.62890625,38.62890625,1.0,none,7,none,3g
None (Plain),6,200,655.9169292449951,38.62890625,38.62890625,1.0,none,7,none,3g
None (Plain),7,200,629.8098564147949,38.62890625,38.62890625,1.0,none,7,none,3g
None (Plain),8,200,607.8450679779053,38.62890625,38.62890625,1.0,none,7,none,3g
None (Plain),9,200,689.4328594207764,38.62890625,38.62890625,1.0,none,7,none,3g
None (Plain),10,200,709.4769477844238,38.62890625,38.62890625,1.0,none,7,none,3g
None (Plain),11,200,657.2651863098145,38.62890625,38.62890625,1.0,none,7,none,3g
None (Plain),12,200,602.8010845184326,38.62890625,38.62890625,1.0,none,7,none,3g
None (Plain),13,200,613.7089729309082,38.62890625,38.62890625,1.0,none,7,none,3g
None (Plain),14,200,607.0048809051514,38.62890625,38.62890625,1.0,none,7,none,3g
None (Plain),15,200,593.1158065795898,38.62890625,38.62890625,1.0,none,7,none,3g
None (Plain),16,200,639.1870975494385,38.62890625,38.62890625,1.0,none,7,none,3g
None (Plain),17,200,597.1088409423828,38.62890625,38.62890625,1.0,none,7,none,3g
None (Plain),18,200,603.7881374359131,38.62890625,38.62890625,1.0,none,7,none,3g
None (Plain),19,200,638.0259990692139,38.62890625,38.62890625,1.0,none,7,none,3g
Brotli,0,200,3019.5577144622803,3.9111328125,38.62890625,9.87665418227216,br,4,br,wifi
Brotli,1,200,797.569990158081,3.9111328125,38.62890625,9.87665418227216,br,4,br,wifi
Brotli,2,200,923.4328269958496,3.9111328125,38.62890625,9.87665418227216,br,4,br,wifi
Brotli,3,200,828.8559913635254,3.9111328125,38.62890625,9.87665418227216,br,4,br,wifi
Brotli,4,200,793.4370040893555,3.9111328125,38.62890625,9.87665418227216,br,4,br,wifi
Brotli,5,200,689.6493434906006,3.9111328125,38.62890625,9.87665418227216,br,4,br,wifi
Brotli,6,200,684.959888458252,3.9111328125,38.62890625,9.87665418227216,br,4,br,wifi
Brotli,7,200,718.6019420623779,3.9111328125,38.62890625,9.87665418227216,br,4,br,wifi
Brotli,8,200,664.5510196685791,3.9111328125,38.62890625,9.87665418227216,br,4,br,wifi
Brotli,9,200,692.4610137939453,3.9111328125,38.62890625,9.87665418227216,br,4,br,wifi
Brotli,10,200,679.6221733093262,3.9111328125,38.62890625,9.87665418227216,br,4,br,wifi
Brotli,11,200,665.0941371917725,3.9111328125,38.62890625,9.87665418227216,br,4,br,wifi
Brotli,12,200,632.0691108703613,3.9111328125,38.62890625,9.87665418227216,br,4,br,wifi
Brotli,13,200,623.3768463134766,3.9111328125,38.62890625,9.87665418227216,br,4,br,wifi
Brotli,14,200,663.9437675476074,3.9111328125,38.62890625,9.87665418227216,br,4,br,wifi
Brotli,15,200,657.9790115356445,3.9111328125,38.62890625,9.87665418227216,br,4,br,wifi
Brotli,16,200,610.3348731994629,3.9111328125,38.62890625,9.87665418227216,br,4,br,wifi
Brotli,17,200,426.3439178466797,0.3681640625,1.275390625,3.4641909814323606,br,4,br,wifi
Brotli,18,200,633.7740421295166,3.9111328125,38.62890625,9.87665418227216,br,4,br,wifi
Brotli,19,200,647.8819847106934,3.9111328125,38.62890625,9.87665418227216,br,4,br,wifi
Gzip,0,200,633.4450244903564,4.8154296875,38.62890625,8.021902251064693,gzip,4,gzip,wifi
Gzip,1,200,624.8791217803955,4.8154296875,38.62890625,8.021902251064693,gzip,4,gzip,wifi
Gzip,2,200,617.0802116394043,4.8154296875,38.62890625,8.021902251064693,gzip,4,gzip,wifi
Gzip,3,200,635.6570720672607,4.8154296875,38.62890625,8.021902251064693,gzip,4,gzip,wifi
Gzip,4,200,600.4698276519775,4.8154296875,38.62890625,8.021902251064693,gzip,4,gzip,wifi
Gzip,5,200,600.4757881164551,4.8154296875,38.62890625,8.021902251064693,gzip,4,gzip,wifi
Gzip,6,200,615.4391765594482,4.8154296875,38.62890625,8.021902251064693,gzip,4,gzip,wifi
Gzip,7,200,629.7030448913574,4.8154296875,38.62890625,8.021902251064693,gzip,4,gzip,wifi
Gzip,8,200,639.5359039306641,4.8154296875,38.62890625,8.021902251064693,gzip,4,gzip,wifi
Gzip,9,200,623.9359378814697,4.8154296875,38.62890625,8.021902251064693,gzip,4,gzip,wifi
Gzip,10,200,621.2248802185059,4.8154296875,38.62890625,8.021902251064693,gzip,4,gzip,wifi
Gzip,11,200,637.8388404846191,4.8154296875,38.62890625,8.021902251064693,gzip,4,gzip,wifi
Gzip,12,200,613.6302947998047,4.8154296875,38.62890625,8.021902251064693,gzip,4,gzip,wifi
Gzip,13,200,612.9322052001953,4.8154296875,38.62890625,8.021902251064693,gzip,4,gzip,wifi
Gzip,14,200,563.9200210571289,4.8154296875,38.62890625,8.021902251064693,gzip,4,gzip,wifi
Gzip,15,200,603.1999588012695,4.8154296875,38.62890625,8.021902251064693,gzip,4,gzip,wifi
Gzip,16,200,591.6869640350342,4.8154296875,38.62890625,8.021902251064693,gzip,4,gzip,wifi
Gzip,17,200,553.164005279541,4.8154296875,38.62890625,8.021902251064693,gzip,4,gzip,wifi
Gzip,18,200,584.7189426422119,4.8154296875,38.62890625,8.021902251064693,gzip,4,gzip,wifi
Gzip,19,200,590.6949043273926,4.8154296875,38.62890625,8.021902251064693,gzip,4,gzip,wifi
None (Plain),0,200,688.8561248779297,38.62890625,38.62890625,1.0,none,4,none,wifi
None (Plain),1,200,625.108003616333,38.62890625,38.62890625,1.0,none,4,none,wifi
None (Plain),2,200,599.3189811706543,38.62890625,38.62890625,1.0,none,4,none,wifi
None (Plain),3,200,624.4258880615234,38.62890625,38.62890625,1.0,none,4,none,wifi
None (Plain),4,200,660.9740257263184,38.62890625,38.62890625,1.0,none,4,none,wifi
None (Plain),5,200,645.1759338378906,38.62890625,38.62890625,1.0,none,4,none,wifi
None (Plain),6,200,667.180061340332,38.62890625,38.62890625,1.0,none,4,none,wifi
None (Plain),7,200,646.0847854614258,38.62890625,38.62890625,1.0,none,4,none,wifi
None (Plain),8,200,713.37890625,38.62890625,38.62890625,1.0,none,4,none,wifi
None (Plain),9,200,595.5290794372559,38.62890625,38.62890625,1.0,none,4,none,wifi
None (Plain),10,200,710.1938724517822,38.62890625,38.62890625,1.0,none,4,none,wifi
None (Plain),11,200,585.2899551391602,38.62890625,38.62890625,1.0,none,4,none,wifi
None (Plain),12,200,633.634090423584,38.62890625,38.62890625,1.0,none,4,none,wifi
None (Plain),13,200,629.1468143463135,38.62890625,38.62890625,1.0,none,4,none,wifi
None (Plain),14,200,626.7609596252441,38.62890625,38.62890625,1.0,none,4,none,wifi
None (Plain),15,200,619.0259456634521,38.62890625,38.62890625,1.0,none,4,none,wifi
None (Plain),16,200,635.1008415222168,38.62890625,38.62890625,1.0,none,4,none,wifi
None (Plain),17,200,612.2109889984131,38.62890625,38.62890625,1.0,none,4,none,wifi
None (Plain),18,200,639.096736907959,38.62890625,38.62890625,1.0,none,4,none,wifi
None (Plain),19,200,618.323802947998,38.62890625,38.62890625,1.0,none,4,none,wifi
Brotli,0,200,3638.2291316986084,3.673828125,38.62890625,10.514619883040936,br,7,br,wifi
Brotli,1,200,910.9199047088623,3.673828125,38.62890625,10.514619883040936,br,7,br,wifi
Brotli,2,200,732.3479652404785,3.673828125,38.62890625,10.514619883040936,br,7,br,wifi
Brotli,3,200,781.9991111755371,3.673828125,38.62890625,10.514619883040936,br,7,br,wifi
Brotli,4,200,709.3901634216309,3.673828125,38.62890625,10.514619883040936,br,7,br,wifi
Brotli,5,200,712.7201557159424,3.673828125,38.62890625,10.514619883040936,br,7,br,wifi
Brotli,6,200,674.0429401397705,3.673828125,38.62890625,10.514619883040936,br,7,br,wifi
Brotli,7,200,649.4231224060059,3.673828125,38.62890625,10.514619883040936,br,7,br,wifi
Brotli,8,200,625.9808540344238,3.673828125,38.62890625,10.514619883040936,br,7,br,wifi
Brotli,9,200,620.4321384429932,3.673828125,38.62890625,10.514619883040936,br,7,br,wifi
Brotli,10,200,647.4080085754395,3.673828125,38.62890625,10.514619883040936,br,7,br,wifi
Brotli,11,200,613.4967803955078,3.673828125,38.62890625,10.514619883040936,br,7,br,wifi
Brotli,12,200,651.2560844421387,3.673828125,38.62890625,10.514619883040936,br,7,br,wifi
Brotli,13,200,602.776050567627,3.673828125,38.62890625,10.514619883040936,br,7,br,wifi
Brotli,14,200,651.2458324432373,3.7548828125,38.62890625,10.287646293888166,br,7,br,wifi
Brotli,15,200,603.6818027496338,3.7548828125,38.62890625,10.287646293888166,br,7,br,wifi
Brotli,16,200,591.526985168457,3.7548828125,38.62890625,10.287646293888166,br,7,br,wifi
Brotli,17,200,602.1368503570557,3.7548828125,38.62890625,10.287646293888166,br,7,br,wifi
Brotli,18,200,613.6128902435303,3.7548828125,38.62890625,10.287646293888166,br,7,br,wifi
Brotli,19,200,609.8957061767578,3.7548828125,38.62890625,10.287646293888166,br,7,br,wifi
Gzip,0,200,594.8958396911621,4.9140625,38.62890625,7.860890302066773,gzip,7,gzip,wifi
Gzip,1,200,578.6681175231934,4.9140625,38.62890625,7.860890302066773,gzip,7,gzip,wifi
Gzip,2,200,550.6839752197266,4.9140625,38.62890625,7.860890302066773,gzip,7,gzip,wifi
Gzip,3,200,607.8488826751709,4.9140625,38.62890625,7.860890302066773,gzip,7,gzip,wifi
Gzip,4,200,613.900899887085,4.9140625,38.62890625,7.860890302066773,gzip,7,gzip,wifi
Gzip,5,200,627.540111541748,4.9140625,38.62890625,7.860890302066773,gzip,7,gzip,wifi
Gzip,6,200,555.9532642364502,4.9140625,38.62890625,7.860890302066773,gzip,7,gzip,wifi
Gzip,7,200,600.7790565490723,4.9140625,38.62890625,7.860890302066773,gzip,7,gzip,wifi
Gzip,8,200,595.1600074768066,4.9140625,38.62890625,7.860890302066773,gzip,7,gzip,wifi
Gzip,9,200,551.9120693206787,4.9140625,38.62890625,7.860890302066773,gzip,7,gzip,wifi
Gzip,10,200,584.8219394683838,4.9140625,38.62890625,7.860890302066773,gzip,7,gzip,wifi
Gzip,11,200,667.7958965301514,4.9140625,38.62890625,7.860890302066773,gzip,7,gzip,wifi
Gzip,12,200,603.2760143280029,4.9140625,38.62890625,7.860890302066773,gzip,7,gzip,wifi
Gzip,13,200,619.7898387908936,4.9140625,38.62890625,7.860890302066773,gzip,7,gzip,wifi
Gzip,14,200,534.7518920898438,4.9140625,38.62890625,7.860890302066773,gzip,7,gzip,wifi
Gzip,15,200,664.7531986236572,4.9140625,38.62890625,7.860890302066773,gzip,7,gzip,wifi
Gzip,16,200,570.559024810791,4.9140625,38.62890625,7.860890302066773,gzip,7,gzip,wifi
Gzip,17,200,560.7700347900391,4.9140625,38.62890625,7.860890302066773,gzip,7,gzip,wifi
Gzip,18,200,579.582929611206,4.9140625,38.62890625,7.860890302066773,gzip,7,gzip,wifi
Gzip,19,200,603.4929752349854,4.9140625,38.62890625,7.860890302066773,gzip,7,gzip,wifi
None (Plain),0,200,583.1520557403564,38.62890625,38.62890625,1.0,none,7,none,wifi
None (Plain),1,200,618.3581352233887,38.62890625,38.62890625,1.0,none,7,none,wifi
None (Plain),2,200,622.8699684143066,38.62890625,38.62890625,1.0,none,7,none,wifi
None (Plain),3,200,603.3940315246582,38.62890625,38.62890625,1.0,none,7,none,wifi
None (Plain),4,200,592.9219722747803,38.62890625,38.62890625,1.0,none,7,none,wifi
None (Plain),5,200,603.9779186248779,38.62890625,38.62890625,1.0,none,7,none,wifi
None (Plain),6,200,789.5419597625732,38.62890625,38.62890625,1.0,none,7,none,wifi
None (Plain),7,200,584.7361087799072,38.62890625,38.62890625,1.0,none,7,none,wifi
None (Plain),8,200,610.3789806365967,38.62890625,38.62890625,1.0,none,7,none,wifi
None (Plain),9,200,616.8909072875977,38.62890625,38.62890625,1.0,none,7,none,wifi
None (Plain),10,200,592.0078754425049,38.62890625,38.62890625,1.0,none,7,none,wifi
None (Plain),11,200,602.0419597625732,38.62890625,38.62890625,1.0,none,7,none,wifi
None (Plain),12,200,604.6221256256104,38.62890625,38.62890625,1.0,none,7,none,wifi
None (Plain),13,200,596.0588455200195,38.62890625,38.62890625,1.0,none,7,none,wifi
None (Plain),14,200,618.2353496551514,38.62890625,38.62890625,1.0,none,7,none,wifi
None (Plain),15,200,670.2709197998047,38.62890625,38.62890625,1.0,none,7,none,wifi
None (Plain),16,200,621.9758987426758,38.62890625,38.62890625,1.0,none,7,none,wifi
None (Plain),17,200,627.3589134216309,38.62890625,38.62890625,1.0,none,7,none,wifi
None (Plain),18,200,603.2218933105469,38.62890625,38.62890625,1.0,none,7,none,wifi
None (Plain),19,200,616.0778999328613,38.62890625,38.62890625,1.0,none,7,none,wifi
